Image,Folder,Person,Dominant Emotion,Angry,Disgust,Fear,Happy,Sad,Surprise,Neutral,Face X,Face Y,Face Width,Face Height,Left Eye X,Left Eye Y,Right Eye X,Right Eye Y,Face Confidence
2488763_4334.jpg,NOS_t1,Caroline van der Plas,happy,0.02167442871723324,0.0022389343939721584,0.1399683183990419,88.26804161071777,2.571151964366436,0.02658652374520898,8.970338106155396,23,2,154,205,139,90,66,78,0.99
2488814_4291.jpg,NOS_t1,Caroline van der Plas,happy,0.8864718086404686,0.11159814395222926,0.020795114471937833,75.51241967156051,14.33216269804017,4.9816455443552716e-05,9.136506714612645,1,0,34,42,27,17,10,14,1.0
2488823_4282.jpg,NOS_t1,Caroline van der Plas,happy,0.8864718086404686,0.11159814395222926,0.020795114471937833,75.51241967156051,14.33216269804017,4.9816455443552716e-05,9.136506714612645,1,0,34,42,27,17,10,14,1.0
2489252_4104.jpg,NOS_t1,Caroline van der Plas,neutral,0.001275817870566243,8.970215890500965e-20,5.988629394062631e-09,0.0008213759009137821,0.00012790702238136385,5.86352222998342e-12,99.99777674661736,2,0,56,89,54,34,37,34,1.0
2489745_3935.jpg,NOS_t1,Caroline van der Plas,fear,0.14185388253875866,0.05449093038907232,72.51011565387938,0.7754515853048316,26.112507349998197,0.008078648288066956,0.3975049363824687,8,2,38,48,34,21,16,22,1.0
2495013_1772.jpg,NOS_t1,Caroline van der Plas,angry,98.48012328147888,9.588798505211216e-10,0.013141261297278106,0.10943240486085415,1.0268041864037514,7.920714040210441e-06,0.3704959526658058,1,0,40,53,38,22,20,20,1.0
2495543_1577.jpg,NOS_t1,Caroline van der Plas,sad,0.4124500103265053,3.123798153156927e-05,0.16544455251512244,0.18664929032843056,80.35661461094705,0.00013305503554865463,18.8786815928627,0,0,46,57,39,23,20,21,1.0
2496368_1297.jpg,NOS_t1,Caroline van der Plas,sad,4.1748321294984665,0.018600901932534344,14.209283684577503,0.042788009879304784,79.6987915398131,0.19877629778965739,1.6569210103844392,9,0,34,42,29,12,13,13,0.88
2497654_784.jpg,NOS_t1,Caroline van der Plas,angry,63.44955403214049,3.869243908097951e-08,3.8227598282385076,28.803514980850817,3.9187545873219265,0.00014828557874708406,0.005259395139219632,0,0,34,43,29,12,16,15,1.0
2497963_696.jpg,NOS_t1,Caroline van der Plas,happy,0.05185843874897793,0.00023655892982219298,29.40904147517187,48.81609692381657,3.2474614533827957,0.0012013922446668546,18.474098327863416,5,3,36,45,32,20,16,20,0.99
2497988_689.jpg,NOS_t1,Caroline van der Plas,sad,16.057700342857878,0.09176906826574424,0.21873107459170515,0.06719935555152363,81.78759000153423,0.0029841979914133837,1.7740257336527985,31,1,267,313,206,103,101,137,1.0
2498391_548.jpg,NOS_t1,Caroline van der Plas,happy,1.3484709876498968e-09,6.153879654911814e-26,1.2861126009663937e-11,100.0,2.4972062297108936e-13,1.2803554050311305e-08,2.637145612993663e-07,2,0,90,126,81,45,41,50,1.0
2498481_529.jpg,NOS_t1,Caroline van der Plas,fear,7.747535407543182,0.0009545921784592792,86.3919734954834,5.416705086827278,0.4075976088643074,0.02526627795305103,0.009971145482268184,6,0,29,35,24,8,12,12,1.0
2498625_462.jpg,NOS_t1,Caroline van der Plas,happy,0.02354620082769543,1.4954245524181897e-10,0.00018610739971336443,99.97273087501526,0.0016009551472961903,9.721389915284817e-05,0.0018389364413451403,7,2,31,41,29,16,14,18,1.0
2499812_1279.jpg,NOS_t1,Caroline van der Plas,sad,0.00059740268625319,3.002926683356999e-10,2.0104236900806427,0.0008608958523836918,61.997753381729126,0.00035839734664477874,35.9900027513504,33,0,56,89,57,27,35,33,0.99
2501591_627.jpg,NOS_t1,Caroline van der Plas,neutral,0.5263973958790302,5.098656856716843e-05,0.27423554565757513,0.010267353354720399,2.310004271566868,0.001739966137392912,96.87730669975281,27,2,60,82,54,30,35,39,1.0
2488778_4327.jpg,NOS_t1,Dilan Yesilgoz,happy,1.4679999083000439e-05,3.7418188547633235e-07,0.04975759075023234,68.63093972206116,1.1939475312829018,6.147775621911933e-08,30.125340819358826,19,0,107,136,92,53,43,55,0.99
2491173_3338.jpg,NOS_t1,Dilan Yesilgoz,angry,55.40527701377869,0.0021623065549647436,5.742579326033592,0.0010943645065708552,19.33760792016983,0.00667430431349203,19.50460374355316,0,0,58,70,47,28,20,27,1.0
2491549_3191.jpg,NOS_t1,Dilan Yesilgoz,neutral,0.0038486345147248358,2.9176115525635497e-17,0.3213456366211176,4.256903807231538e-06,12.145877629518509,4.2026320201671297e-07,87.5289261341095,3,3,39,55,35,23,17,24,0.98
2494415_2037.jpg,NOS_t1,Dilan Yesilgoz,fear,0.005846299973200075,6.275833186464297e-08,64.98017311096191,0.008226907812058926,23.802286386489868,0.0010038639629783574,11.202467232942581,8,0,458,541,346,122,145,162,1.0
2495013_1771.jpg,NOS_t1,Dilan Yesilgoz,angry,91.32409691810608,3.646274363174051e-11,0.005487234375323169,8.670404553413391,1.6176917938537372e-05,3.452333974252042e-08,2.3198682086444933e-06,2,0,39,50,35,18,16,20,1.0
2496352_1301.jpg,NOS_t1,Dilan Yesilgoz,angry,28.92044186592102,1.8048692494630814,1.017188373953104,12.367567420005798,27.348995208740234,27.37697660923004,1.16396127268672,6,0,94,118,82,49,40,43,1.0
2496530_1244.jpg,NOS_t1,Dilan Yesilgoz,neutral,0.003977677624789067,5.856940908828545e-11,45.48611044883728,0.0060167138144606724,0.0029042725145700388,0.6967137567698956,53.80427837371826,1,0,69,89,59,40,29,31,1.0
2496702_1155.jpg,NOS_t1,Dilan Yesilgoz,angry,65.2398148321995,6.76385507048705e-10,0.01290953882384159,34.73755626306273,0.004558370254687682,0.004221081214048152,0.0009410973340670852,1,0,58,71,50,26,23,28,1.0
2497245_923.jpg,NOS_t1,Dilan Yesilgoz,happy,1.6546891006528738e-10,1.973906454397755e-21,1.775539087259739e-08,99.99036789055253,2.3555651841013095e-08,4.1223787465438116e-06,0.00962321750072591,2,0,61,80,54,30,24,31,1.0
2497963_692.jpg,NOS_t1,Dilan Yesilgoz,happy,1.073438860476017,0.00012206447763674078,0.039969413774088025,60.138630867004395,0.14694154961034656,1.0906025767326355,37.51029968261719,4,0,33,42,29,16,13,15,1.0
2498481_524.jpg,NOS_t1,Dilan Yesilgoz,sad,11.01583334614833,5.91244005438594e-07,5.9525825437805,37.614412592123436,45.41118795738364,3.3486849298355255e-07,0.005981889640626615,6,3,30,38,27,17,13,18,0.99
2498604_476.jpg,NOS_t1,Dilan Yesilgoz,sad,2.873703977002151e-05,1.1588268339297924e-13,0.0003084441914324998,1.4403655134928584e-10,99.99966621398926,7.985757275890987e-14,3.6899777455801086e-06,15,0,20,35,26,14,16,13,1.0
2498625_459.jpg,NOS_t1,Dilan Yesilgoz,happy,2.819128562301723e-11,6.579402943819076e-24,5.226165058331612e-16,99.9984920023973,9.243558448963212e-13,6.7749830620402e-09,0.0015083711321973265,4,0,30,39,26,14,11,15,1.0
2498691_426.jpg,NOS_t1,Dilan Yesilgoz,neutral,0.00035283328884673677,9.188851518522494e-12,21.956622963354235,0.00011537285661493019,14.146986407400798,2.319088466806476e-06,63.89592124272332,0,0,44,51,32,19,16,20,0.99
2498757_400.jpg,NOS_t1,Dilan Yesilgoz,sad,0.03136823361273855,2.4961657767901338e-12,0.016187410801649094,1.3086491890135221e-06,71.74857258796692,1.1087211010396558e-09,28.203871846199036,20,0,101,128,80,49,36,46,1.0
2498924_335.jpg,NOS_t1,Dilan Yesilgoz,neutral,2.4720072746276855,0.00028285130611038767,0.10361388558521867,0.0486886827275157,7.186976075172424,0.0005393904757511336,90.18789529800415,0,0,92,109,77,45,33,46,1.0
2498997_311.jpg,NOS_t1,Dilan Yesilgoz,happy,0.23681442253291607,1.9798348209346464e-12,5.5859680969660985e-05,99.76061582565308,2.6923791551780596e-05,1.5714194390170633e-06,0.0024850831323419698,0,0,84,98,68,39,29,38,1.0
2499072_287.jpg,NOS_t1,Dilan Yesilgoz,happy,0.0009003574632515665,4.719205627578245e-18,0.04693368973676115,99.79037046432495,1.642716398464472e-05,8.023542941160144e-09,0.16178213991224766,3,0,76,106,72,36,43,35,0.99
2499089_280.jpg,NOS_t1,Dilan Yesilgoz,fear,0.053807010408490896,9.27230825453762e-07,99.50355291366577,0.0002002343080675928,0.3403580514714122,0.05705512594431639,0.04502750816754997,80,0,142,222,160,81,94,84,1.0
2499162_249.jpg,NOS_t1,Dilan Yesilgoz,neutral,0.22863848532152,0.0005099439630060944,2.448549599772644,0.030164616285889304,3.0492352231425315,0.00112492220746008,94.24177935621492,19,1,158,204,142,86,63,77,0.96
2499288_223.jpg,NOS_t1,Dilan Yesilgoz,neutral,0.016975198661827215,9.968263497036205e-15,0.3649823817972768,0.7372533876301878,0.00025567773423617473,1.8792439836391929e-07,98.88053529742571,0,0,76,89,61,31,32,31,0.94
2499629_108.jpg,NOS_t1,Dilan Yesilgoz,neutral,17.47476964888211,3.84375499953299e-05,0.24011813172616145,0.09496114766693385,15.145822184779904,0.004103735534849715,67.04018915178646,4,0,53,62,43,27,18,20,1.0
2499654_095.jpg,NOS_t1,Dilan Yesilgoz,sad,2.7096376697954838e-05,9.526986404634341e-11,0.0036452598578762263,1.4672873760446237e-05,99.97290968894958,9.228815489592535e-08,0.023404239618685097,26,0,159,185,130,61,58,51,1.0
2499732_056.jpg,NOS_t1,Dilan Yesilgoz,neutral,13.768565654754639,0.00048107222028193064,0.07361555472016335,9.872501343488693,9.587516635656357,0.0071899761678650975,66.69012308120728,13,2,41,54,37,23,19,24,0.99
2500652_980.jpg,NOS_t1,Dilan Yesilgoz,happy,0.000227956138587615,4.1134144701526765e-09,0.0033790489396778867,93.85336637496948,0.0019691840861923993,0.030503293965011835,6.110556796193123,0,0,48,58,40,23,17,22,1.0
2500840_914.jpg,NOS_t1,Dilan Yesilgoz,happy,0.0019230755479208521,6.756267406418734e-17,3.3803223570046665e-06,99.99805092799967,4.3313022419056083e-08,3.8865105119250613e-08,2.5656773169832638e-05,0,0,83,97,67,39,28,39,1.0
2501468_683.jpg,NOS_t1,Dilan Yesilgoz,neutral,0.05403021870565788,1.0455467466644307e-07,0.0657613310800396,0.02816771112338917,2.4468309123121603,7.239729729757659e-06,97.40520150599461,13,0,59,74,49,25,23,30,0.99
2501550_642.jpg,NOS_t1,Dilan Yesilgoz,neutral,0.06177110267183797,1.0869736870105567e-07,0.1837038777368592,0.0005389508126615333,4.297152417728449,6.263843861695269e-06,95.45682641606489,13,0,60,74,49,25,23,31,0.99
2501591_629.jpg,NOS_t1,Dilan Yesilgoz,neutral,0.004320228981669061,1.8633571248483083e-10,2.696556970477104,0.6597012281417847,0.050637160893529654,14.944474399089813,81.64430856704712,9,0,83,108,77,38,41,46,1.0
2501687_595.jpg,NOS_t1,Dilan Yesilgoz,neutral,1.2543903730672604e-05,2.8564861774830216e-17,0.0009745576461397012,1.6002645996255354e-08,0.0027016237955227707,0.03796466561475638,99.95834827174832,28,0,166,222,153,100,77,76,1.0
2502138_442.jpg,NOS_t1,Dilan Yesilgoz,sad,11.461789844142785,0.0005123210335800389,5.03724284692066,0.024153692341257176,74.70970599113143,0.13084222643999616,8.635752417788053,5,0,52,64,45,23,20,27,1.0
2502278_369.jpg,NOS_t1,Dilan Yesilgoz,happy,3.7899388871664996e-05,4.727935707868336e-11,1.1795987375080585,93.05924773216248,0.02427751460345462,5.685918033123016,0.0509207951836288,39,0,73,112,77,44,47,45,1.0
2490655_3559.jpg,NOS_t1,Edson Olf,happy,3.318629052118105e-09,1.2874390717017517e-19,2.007134862231242e-12,99.98083710670471,9.261142547289936e-09,8.071127766129393e-07,0.019167514983564615,22,0,204,229,165,87,72,82,1.0
2489353_4047.jpg,NOS_t1,Esther Ouwehand,happy,0.012295335914847905,1.8873560784523156e-08,0.9563644986667931,84.63503626793839,0.12696599180421184,7.282522009761453,6.986822604347623,4,0,76,101,71,41,36,38,1.0
2489856_3902.jpg,NOS_t1,Esther Ouwehand,fear,0.0002959872517749318,3.3888937120939155e-11,74.57947134971619,0.05750813870690763,0.03176249156240374,14.378830790519714,10.952124744653702,8,6,107,145,98,54,54,61,1.0
2489876_3899.jpg,NOS_t1,Esther Ouwehand,happy,3.849504056262138e-07,1.0421018383848786e-13,0.09626313686449152,92.21528126092441,0.00011678367414200227,6.969924686546605,0.7184154782244848,4,1,93,113,77,45,35,46,1.0
2490073_3851.jpg,NOS_t1,Esther Ouwehand,surprise,0.00011123951064256732,8.617183629557827e-12,0.2094552602523255,16.173259476034705,0.0022889725187085733,42.12623928472527,41.48863953487402,5,3,81,108,77,45,39,42,1.0
2490110_3824.jpg,NOS_t1,Esther Ouwehand,happy,1.3335435186667688e-09,4.116105557052222e-20,6.158557686172447e-12,99.99672174453735,5.25683966842716e-10,8.818329955140314e-08,0.003277094947407022,29,0,137,185,128,80,67,64,1.0
2490153_3809.jpg,NOS_t1,Esther Ouwehand,sad,12.528503687888604,0.0008700263215524001,10.145614155865559,0.11368654181802522,77.16409427905644,0.0025401617371899553,0.04468903037262889,31,20,145,173,135,79,66,84,1.0
2490192_3757.jpg,NOS_t1,Esther Ouwehand,neutral,2.003872133686948e-09,6.194307365427e-13,5.767479853925687,0.0009958190553552369,0.00027961360651671804,3.3855080555824197e-07,94.23124721422758,1,23,63,41,52,50,27,49,0.97
2490192_3758.jpg,NOS_t1,Esther Ouwehand,neutral,3.6805714725973715e-09,4.740965166768487e-15,0.0021765008568763733,11.27311885356903,0.001995099592022598,0.057491264306008816,88.66521716117859,0,0,54,61,42,23,18,20,1.0
2490321_3716.jpg,NOS_t1,Esther Ouwehand,happy,0.20212102681398392,0.00023619336388946977,2.574985660612583,88.8657808303833,0.2902916632592678,3.335247188806534,4.731335863471031,19,8,123,156,110,66,52,67,0.99
2490327_3710.jpg,NOS_t1,Esther Ouwehand,fear,3.4264749526141373e-06,0.0002474306631626095,98.33096255844609,6.690697603955013e-05,1.5584999693036061,4.215289480032503e-09,0.11021889006161034,3,24,60,39,52,50,28,48,1.0
2490327_3711.jpg,NOS_t1,Esther Ouwehand,neutral,3.9454733924415564e-08,7.305489381957988e-22,3.72691317807039e-06,0.0009043035788636189,2.2569298607777455e-05,1.9611818835585382e-07,99.9990701675415,0,0,61,61,41,25,16,21,0.99
2490366_3701.jpg,NOS_t1,Esther Ouwehand,happy,4.630138169619817e-13,2.175291358227011e-27,5.9378460021205906e-21,99.99975562094185,3.577376442134188e-12,5.666601521096981e-14,0.0002472750258724919,20,0,83,108,75,43,37,39,0.97
2491666_3131.jpg,NOS_t1,Esther Ouwehand,neutral,6.274656350058194e-07,7.094470410445863e-11,0.03507730725686997,1.217836607247591,0.01279419957427308,27.03060209751129,71.70369029045105,0,0,75,93,59,36,27,35,0.95
2491668_3130.jpg,NOS_t1,Esther Ouwehand,happy,0.0001210612098783417,1.4330175346709786e-25,1.272830725881619e-12,99.99975562094185,1.5353894744246308e-11,3.510738262154122e-21,0.00012805627047082066,46,0,82,128,84,47,50,51,1.0
2493107_2552.jpg,NOS_t1,Esther Ouwehand,happy,2.0700312575172575e-06,3.159743981708621e-26,5.1786661981259585e-11,100.0,1.336232686999228e-09,3.0773681542755386e-25,2.3502293444721545e-06,69,0,96,165,114,58,73,66,1.0
2494756_1860.jpg,NOS_t1,Esther Ouwehand,neutral,1.4884685166180134,5.349351628325394e-07,0.02453568740747869,0.004520059155765921,3.2981835305690765,4.231568198065361e-05,95.18424868583679,0,0,98,122,80,44,39,48,1.0
2497119_976.jpg,NOS_t1,Esther Ouwehand,happy,0.03543799553433114,2.8935340271697968e-05,0.41418228948923475,98.7491609157132,0.2781677892380608,0.0228377482986713,0.5001792087937345,4,1,45,52,38,19,17,26,1.0
2497322_885.jpg,NOS_t1,Esther Ouwehand,fear,0.4085269269613115,0.033452637231035566,82.898362529473,0.8892084343184907,7.589934606559919,0.3441463512827335,7.836365510658561,24,0,96,120,83,47,40,48,1.0
2497406_860.jpg,NOS_t1,Esther Ouwehand,angry,74.58704416906308,0.12399996316805921,14.140294296706402,2.0381906434070296,0.7520115037844772,7.100757855086583,1.2576922206351493,0,0,97,122,82,46,40,48,1.0
2497654_783.jpg,NOS_t1,Esther Ouwehand,neutral,3.703544848576712e-05,2.5688865516909664e-14,0.10282362345606089,0.21035606041550636,0.03981602203566581,3.854670467262622e-05,99.6469259262085,14,0,59,73,43,26,22,28,1.0
2489345_4057.jpg,NOS_t1,Frans Timmermans,neutral,0.7773168850690126,6.212420089468651e-06,0.5092657171189785,0.0008969823284132872,39.83778357505798,5.1523920774343424e-05,58.87467861175537,12,0,47,59,42,26,20,22,1.0
2494959_1794.jpg,NOS_t1,Frans Timmermans,happy,6.971733768068589e-06,1.4490631391745994e-12,2.795667626287468e-05,99.590402841568,0.00018442417513142573,7.949629434733652e-05,0.40929894894361496,12,7,186,225,164,89,78,94,0.99
2495013_1774.jpg,NOS_t1,Frans Timmermans,sad,0.7056035011236073,0.00017716973681853392,7.740102885973798,1.4481522937896603,88.24158766765447,0.020926667951153125,1.8434491343437593,3,2,47,57,41,26,20,24,1.0
2496702_1153.jpg,NOS_t1,Frans Timmermans,sad,3.7525783476140084,3.100036195675835e-05,12.432185568548968,0.7081579504122794,81.50476437750288,0.001982063931979534,1.6002938106305824,0,0,71,85,58,37,27,34,1.0
2497165_959.jpg,NOS_t1,Frans Timmermans,angry,86.42328815737821,0.187255802069551,4.440286167298098,0.07712756970182892,8.107181114814415,0.061727229413655924,0.7031398266571554,2,0,33,35,29,11,13,10,0.96
2497245_925.jpg,NOS_t1,Frans Timmermans,sad,5.139895528554916,0.05351580330170691,1.6436832025647163,0.05365726538002491,91.12840294837952,0.0003650033477242687,1.9804826006293297,11,5,85,99,72,40,33,42,0.98
2497963_698.jpg,NOS_t1,Frans Timmermans,sad,17.322687229789825,0.30386337182064393,0.8893214968655709,0.02384755214211841,81.07518779335167,0.0026681399051827303,0.38241930403777313,1,0,34,35,28,10,12,9,0.93
2498481_530.jpg,NOS_t1,Frans Timmermans,angry,56.16950727519436,2.7245421433094635e-08,0.11091581042726698,0.12107801879662387,43.595677232484654,5.792992163953887e-12,0.0028201002213046086,3,0,47,51,44,12,24,6,0.9
2498625_465.jpg,NOS_t1,Frans Timmermans,angry,89.31383490562439,9.31405885577774e-11,0.06497332360595465,0.049335561925545335,10.571859031915665,1.9165232162371816e-14,2.4338442372595637e-08,5,2,50,63,43,29,23,24,1.0
2498656_433.jpg,NOS_t1,Frans Timmermans,angry,75.70084027041909,0.6080627647861523,12.070164880732909,0.010185396481556119,6.624213561509423,0.0006349345010474872,4.9858869629041,53,0,207,272,157,94,74,116,1.0
2498903_345.jpg,NOS_t1,Frans Timmermans,angry,85.61545524689288,0.047138231356485566,12.878108792192268,0.005222000565690022,1.0091521447391596,0.110797427679445,0.3341248690932911,4,0,83,100,71,44,33,36,1.0
2500018_1214.jpg,NOS_t1,Frans Timmermans,angry,97.47098088264465,0.004817677108803764,2.4492669850587845,0.0002659659458004171,0.07266692700795829,0.0005499010057974374,0.001454315224691527,31,0,58,86,61,32,39,29,1.0
2490087_3843.jpg,NOS_t1,Geert Wilders,angry,73.27737212181091,3.2712333108975145e-05,0.5624257028102875,0.000998777977656573,11.05303019285202,0.00014988793282100232,15.105997025966644,5,0,83,108,71,43,35,40,1.0
2490641_3562.jpg,NOS_t1,Geert Wilders,fear,2.040294306891817,0.002584247676496721,89.50571951304194,0.009082014544400323,8.149036505760938,0.0011265144838282623,0.2921602397209549,11,0,32,42,26,15,14,18,1.0
2496808_1124.jpg,NOS_t1,Geert Wilders,happy,0.0036720917705679312,1.2713525343599485e-06,0.0016714095181669109,79.79083061218262,0.6776811089366674,2.2980388791893347e-05,19.52611654996872,2,0,52,60,44,27,20,23,1.0
2497079_1002.jpg,NOS_t1,Geert Wilders,happy,3.0212763846293456e-06,1.1116382589936781e-23,2.5674702364142377e-07,96.12514972686768,3.738075127213136e-08,2.8342282947652064e-10,3.8748469203710556,3,0,48,64,43,26,20,27,1.0
2497654_781.jpg,NOS_t1,Geert Wilders,neutral,0.889196392994904,2.1869160231715144e-06,0.00019958123455558578,1.848831696738702,1.3688680600445307,0.0003437612326967939,95.89256023720266,9,0,55,67,47,25,23,25,1.0
2497859_725.jpg,NOS_t1,Geert Wilders,happy,0.001405180948577198,9.396320850105875e-13,0.0002791245545201553,99.98318552870664,0.0003376018840982188,0.0002811544558660338,0.014507992592185295,15,0,274,369,242,168,133,140,1.0
2497938_709.jpg,NOS_t1,Geert Wilders,happy,7.712241028076979e-10,6.2248802161399606e-18,1.962179841212528e-09,99.82169865499131,6.410481972096849e-08,9.507000980239187e-05,0.178207758725897,5,0,79,84,61,28,25,29,1.0
2497963_694.jpg,NOS_t1,Geert Wilders,happy,3.317511085962366e-06,2.879023146486335e-10,5.339238347721515e-06,99.90811943460223,5.437843566482585e-05,0.004581343364628009,0.0872357276576446,9,0,46,56,41,23,20,25,1.0
2498481_525.jpg,NOS_t1,Geert Wilders,happy,33.695343136787415,1.8879164995645042e-12,3.7438012659549713,61.82563304901123,0.735223013907671,2.501845005646532e-13,1.25783231053056e-08,10,9,38,43,33,21,17,27,0.99
2498625_463.jpg,NOS_t1,Geert Wilders,angry,54.302793741226196,2.3207196164776178e-07,45.59095799922943,0.0892364070750773,0.017019679944496602,9.872493100804292e-09,9.36129507245198e-08,9,4,39,49,35,21,19,24,0.99
2498691_425.jpg,NOS_t1,Geert Wilders,sad,25.439488887786865,0.002121403485944029,33.90980660915375,0.0006678418230876559,36.64306998252869,0.036869317409582436,3.967970237135887,4,1,39,50,38,20,21,21,0.99
2498709_413.jpg,NOS_t1,Geert Wilders,neutral,0.4770363215357065,4.134189879323458e-06,10.43899729847908,0.07395852589979768,4.305431246757507,0.6271600257605314,84.07741785049438,6,5,28,35,29,20,16,20,1.0
2498877_348.jpg,NOS_t1,Geert Wilders,angry,99.38479073228946,1.5106890715568767e-10,0.019063115816024295,0.05881649439361758,0.5356107665615361,2.0473050879343563e-11,0.0017222078661386791,16,0,62,78,53,30,23,31,1.0
2498903_346.jpg,NOS_t1,Geert Wilders,fear,0.07165969000197947,6.313976541605371e-06,99.80412721633911,0.09831800125539303,0.0015135513422137592,0.007334291149163619,0.01704067544778809,11,3,105,134,62,58,32,74,1.0
2498913_343.jpg,NOS_t1,Geert Wilders,angry,99.38479073228946,1.5106890715568767e-10,0.019063115816024295,0.05881649439361758,0.5356107665615361,2.0473050879343563e-11,0.0017222078661386791,16,0,62,78,53,30,23,31,1.0
2498956_326.jpg,NOS_t1,Geert Wilders,neutral,0.004572328180074692,1.8271978374784226e-08,0.0018577140508568846,4.400261119008064,0.035720772575587034,0.000535350864083739,95.55705785751343,4,0,130,153,105,60,45,63,1.0
2498965_321.jpg,NOS_t1,Geert Wilders,fear,10.54743006825447,0.000870023086463334,88.48452568054199,0.8213460445404053,0.1434026169590652,1.007943506436959e-06,0.0024236596800619736,6,0,87,110,50,43,25,60,1.0
2498965_323.jpg,NOS_t1,Geert Wilders,sad,0.0023908715653521376,1.0319082898720867e-09,19.757037489767374,0.003460977628822311,73.06473576250842,5.095620242270219e-05,7.1723176929572,13,0,60,74,47,26,22,37,0.99
2498997_310.jpg,NOS_t1,Geert Wilders,sad,2.375068843368819,6.42953106886648e-06,0.8650585593318081,0.001603259174836415,60.69131259270385,2.1873013505200846e-05,36.066927675421695,0,0,71,82,56,29,27,34,1.0
2499006_304.jpg,NOS_t1,Geert Wilders,angry,79.2288601398468,3.6918621510267258,4.612818360328674,0.08527730242349207,4.31135855615139,0.33336335327476263,7.736459374427795,31,5,195,261,180,111,95,113,1.0
2499072_286.jpg,NOS_t1,Geert Wilders,fear,4.396513476967812,0.0024481732907588594,81.00332021713257,2.4491072281307424e-05,14.516405761241913,0.00013497248119165306,0.0811518111731857,29,0,104,133,91,45,45,41,1.0
2499139_257.jpg,NOS_t1,Geert Wilders,angry,45.05848288536072,2.9281996190547943,13.589145243167877,0.03786580928135663,23.452425003051758,0.026505443383939564,14.907370507717133,31,4,203,278,185,115,101,116,1.0
2499288_222.jpg,NOS_t1,Geert Wilders,sad,1.5693902961146478,2.309521400808454e-05,2.8828528067049017,0.09253781233463439,78.60476629677221,0.0001234501804166375,16.85030408498,28,0,102,130,87,45,43,41,1.0
2499411_199.jpg,NOS_t1,Geert Wilders,happy,0.026640495476305214,3.6608002368795534e-05,0.437868272907631,99.53251478269785,5.0406518588207836e-05,0.0005953610880329364,0.002296185403322676,19,2,100,119,87,47,41,50,1.0
2499598_122.jpg,NOS_t1,Geert Wilders,sad,0.2767097069126018,4.001944530990811e-08,0.014229573084866028,0.016325164087695073,60.86235771922561,3.9996019601295956e-08,38.830383280561364,12,0,65,82,54,31,25,29,1.0
2500279_1150.jpg,NOS_t1,Geert Wilders,happy,7.000404025347962e-05,1.1563971622722408e-11,1.8483194974550088e-07,99.99816417694092,3.758166755574166e-06,4.853832336060293e-08,0.0017606689652893692,11,0,31,42,27,14,15,17,1.0
2500565_1023.jpg,NOS_t1,Geert Wilders,neutral,0.16688639298081398,1.2696233397946344e-05,1.0844340547919273,4.1685450822114944,0.6806306540966034,0.0008093895303318277,93.89868378639221,18,0,153,195,128,78,62,86,1.0
2500840_913.jpg,NOS_t1,Geert Wilders,neutral,1.3042996637523174,1.1637768082550792e-06,0.17496831715106964,0.0008052561497606803,26.171785593032837,5.607762787462889e-06,72.34813570976257,0,0,68,81,56,29,28,33,1.0
2501434_704.jpg,NOS_t1,Geert Wilders,fear,0.01755759003572166,8.153573649583024e-09,99.06226992607117,0.0007686764547543135,0.0011595039723033551,0.46080974861979485,0.4574325866997242,0,0,84,126,72,48,44,47,1.0
2501591_626.jpg,NOS_t1,Geert Wilders,neutral,6.074884533882141,1.644811398193724e-06,0.018109014490619302,0.000866088430484524,6.201504170894623,8.38278822357097e-05,87.70455121994019,11,0,60,72,48,23,24,29,1.0
2502444_276.jpg,NOS_t1,Geert Wilders,happy,3.7192460149526596,1.490608960048878e-10,0.0035062472306890413,96.27476334571838,0.0018528186046751216,2.297444040566532e-08,0.000629453779765754,11,0,62,73,52,28,20,29,1.0
2502444_277.jpg,NOS_t1,Geert Wilders,happy,0.11756744934245944,1.244573881695754e-16,7.788328559854563e-06,99.88017082214355,0.00011950202178923064,1.3357132289115725e-06,0.0021379179088398814,27,0,80,106,69,39,37,41,1.0
2488855_4252.jpg,NOS_t1,Henri Bontebal,happy,8.378216165283447e-06,3.581405658148462e-09,1.3102940954468068e-07,64.23444747924805,35.76388657093048,6.429423438468468e-15,0.0016612317267572507,70,8,195,257,168,99,88,110,1.0
2496808_1125.jpg,NOS_t1,Henri Bontebal,happy,1.1434883422090092e-09,5.545347740721606e-18,5.79166792649688e-10,99.98499155044556,1.0244416426274938e-09,1.6741511510431906e-07,0.015009781054686755,2,0,54,61,45,26,19,21,1.0
2497075_1005.jpg,NOS_t1,Henri Bontebal,neutral,9.395387768745422,3.074051679874401e-07,0.022954249288886786,0.7132955826818943,5.038261786103249,5.682327923750563e-05,84.83004570007324,28,0,148,176,126,63,57,64,1.0
2497151_963.jpg,NOS_t1,Henri Bontebal,sad,0.21467572078108788,1.9583795562994055e-05,9.838245064020157,0.3471451811492443,74.2073118686676,0.007392750558210537,15.385210514068604,21,3,91,112,79,43,40,47,1.0
2497963_695.jpg,NOS_t1,Henri Bontebal,happy,1.1395099572837353,9.399975198221e-06,0.3817941527813673,79.98091578483582,3.007182665169239,5.408065393567085,10.08252277970314,6,4,39,46,35,21,16,21,1.0
2498481_520.jpg,NOS_t1,Henri Bontebal,angry,70.34631967544556,8.9956753157594e-08,2.5208106264472008,0.003497285069897771,25.317031145095825,2.8162776288809255e-05,1.8123071640729904,5,5,34,40,28,17,14,19,1.0
2498625_461.jpg,NOS_t1,Henri Bontebal,happy,0.00021778598040188266,8.509166925336637e-14,4.010695284737065e-05,99.97298717015752,0.0015746948607535225,6.709608505082277e-05,0.02511990181917432,5,3,33,42,30,17,14,19,1.0
2496934_1092.jpg,NOS_t1,Joost Eerdmans,neutral,7.630661875009537,3.459814195139188e-05,1.7707156017422676,0.9575624950230122,30.00280261039734,1.7131956294178963,57.92502760887146,20,0,108,130,99,45,49,53,1.0
2500449_1077.jpg,NOS_t1,Kees van der Staaij,neutral,2.3382144048810005,1.9005139129113502e-08,1.8569177016615868,2.690022625029087,0.5330618005245924,0.6109504960477352,91.97083115577698,0,0,47,64,40,22,20,27,1.0
2489302_4092.jpg,NOS_t1,Laurens Dassen,neutral,11.888004094362259,0.00027497608243720606,2.6927730068564415,0.01014721710816957,7.943989336490631,0.00011415058907005005,77.46469974517822,9,0,52,61,38,21,14,26,1.0
2497042_1026.jpg,NOS_t1,Laurens Dassen,neutral,18.91595721244812,9.933427946862139e-06,0.8607047609984875,0.006225510151125491,14.088554680347443,2.9216707275736553e-06,66.12854599952698,18,0,74,92,62,35,28,37,1.0
2488800_4311.jpg,NOS_t1,Lilian Marijnissen,sad,3.772459179162979,0.0006380085324053653,0.3046038094907999,16.866402328014374,41.753554344177246,1.4756616204977036,35.826677083969116,34,4,169,229,159,94,78,94,0.89
2489353_4050.jpg,NOS_t1,Lilian Marijnissen,fear,14.503341913223267,0.15711146406829357,59.342461824417114,1.0373766534030437,3.3774398267269135,21.349026262760162,0.2332487842068076,0,0,110,146,76,51,21,50,1.0
2492792_2680.jpg,NOS_t1,Lilian Marijnissen,neutral,3.0569563591598126e-05,1.1355812428901716e-12,0.15154839493334293,14.121825993061066,0.0009901388693833724,1.795671135187149,83.92993211746216,11,0,80,106,75,30,43,35,1.0
2497277_904.jpg,NOS_t1,Lilian Marijnissen,happy,3.0448944863080296e-17,0.0,7.953106319820988e-21,100.0,4.255240433560965e-12,6.724248978809411e-12,1.4744184987034174e-13,28,31,224,271,210,147,108,126,1.0
2497654_779.jpg,NOS_t1,Lilian Marijnissen,neutral,1.0482630385913276,1.2463697538453768e-12,5.721063507858724,1.4897275968141403e-08,2.872984282552259,4.2131047830344277e-07,90.35769047484938,5,0,34,46,33,17,20,19,0.99
2499168_244.jpg,NOS_t1,Lilian Marijnissen,surprise,0.635277759283781,0.00026986961074726423,1.6608081758022308,29.921019077301025,0.6748397368937731,45.32166123390198,21.786125004291534,19,13,128,159,115,67,55,74,1.0
2500952_890.jpg,NOS_t1,Lilian Marijnissen,fear,3.0715107917785645,0.387873942963779,70.38506865501404,13.373950123786926,1.0499818250536919,10.079625248908997,1.6519874334335327,11,5,63,80,56,36,28,38,1.0
2500970_882.jpg,NOS_t1,Lilian Marijnissen,neutral,21.196897781265047,0.09603319359733836,5.555003219246481,1.3005466512684045,17.343900520336565,0.5140683932222851,53.9935464866702,19,5,68,94,69,42,36,38,0.99
2501333_752.jpg,NOS_t1,Lilian Marijnissen,fear,38.304102420806885,0.001323660762864165,47.16313183307648,0.2743319608271122,7.582300156354904,0.0743220851290971,6.600496172904968,0,0,50,63,40,24,19,26,0.99
2490426_3672.jpg,NOS_t1,Mirjam Bikker,happy,0.0017672440375134007,2.131900478196035e-09,0.05224668380098834,99.93690849102634,0.00853875142712129,6.675401213167845e-07,0.0005315650290201198,10,0,107,128,87,47,38,54,1.0
2496542_1240.jpg,NOS_t1,Mirjam Bikker,surprise,0.02830603625625372,6.118448629688356e-10,0.4130032379180193,0.8959411643445492,0.1348861027508974,55.02237677574158,43.50548982620239,0,0,74,93,58,36,26,38,0.99
2496808_1123.jpg,NOS_t1,Mirjam Bikker,happy,4.294766398708644e-06,1.7223796333282776e-09,0.0031693651250930205,99.96833205034328,6.255136017840954e-05,1.1682798536600227e-06,0.02843606513450683,0,1,44,46,33,21,12,18,1.0
2488891_4236.jpg,NOS_t1,Pieter Omtzigt,happy,1.1453267223515695e-07,8.944233818619944e-14,1.9506710136063532e-08,100.0,6.18785866990379e-07,2.9088388056770775e-11,1.5992695168165483e-06,14,1,28,41,27,15,15,17,1.0
2489370_4042.jpg,NOS_t1,Pieter Omtzigt,sad,15.483607351779938,0.15068328939378262,22.39367514848709,0.0014388577255886048,55.831992626190186,0.11969191255047917,6.018912419676781,8,5,108,129,95,54,46,47,1.0
2489370_4043.jpg,NOS_t1,Pieter Omtzigt,sad,41.10682010650635,0.014136964455246925,3.3881299197673798,0.009382708230987191,54.90446090698242,0.000169487839229987,0.5769042763859034,60,78,114,141,157,147,104,142,1.0
2490201_3753.jpg,NOS_t1,Pieter Omtzigt,fear,0.04017392878526025,0.00013104697344560413,55.87606763101027,34.846570184622415,0.3863293209346724,4.29862055472258,4.552109438306656,0,0,233,298,202,114,91,122,0.98
2490789_3507.jpg,NOS_t1,Pieter Omtzigt,neutral,0.13423386262729764,8.642694382388072e-06,2.935587614774704,1.8667308613657951,7.677648961544037,1.1031445115804672,86.28264665603638,0,0,234,285,191,111,85,115,1.0
2491240_3319.jpg,NOS_t1,Pieter Omtzigt,sad,0.48043131828308105,7.936140633546529e-06,2.439235895872116,6.261026859283447,70.9419310092926,0.0013150573067832738,19.8760524392128,6,0,44,51,27,18,10,23,1.0
2491255_3305.jpg,NOS_t1,Pieter Omtzigt,angry,52.176934740177956,0.00794652245673805,30.267576011130334,0.21287994668691715,16.803722596612285,0.006710585220907729,0.5242362777723405,4,1,51,58,46,25,22,22,0.99
2491936_3022.jpg,NOS_t1,Pieter Omtzigt,angry,87.1823064793531,0.001212602073309508,0.012542952774324434,0.007276174871414147,12.786989676176887,4.3010118032747047e-07,0.009674453607681236,5,2,72,98,66,45,30,39,1.0
2492036_2999.jpg,NOS_t1,Pieter Omtzigt,happy,1.4395993700321326e-06,1.3523811870198146e-17,3.3475817430954914e-11,99.99355673751573,8.020589115755982e-07,3.566096589084192e-09,0.006442021205825132,3,0,41,50,35,19,15,21,1.0
2493161_2539.jpg,NOS_t1,Pieter Omtzigt,happy,3.0829713892899235e-06,2.4450509717314593e-16,3.5410835153015796e-05,94.01134848594666,0.00011174028031746275,2.217755562528012e-08,5.988503620028496,8,0,132,164,119,73,54,59,1.0
2494754_1863.jpg,NOS_t1,Pieter Omtzigt,sad,0.001011485771798595,5.490945376623013e-08,1.9647884634389325,1.5612823890110983,96.4728896054161,1.3724005646145582e-11,2.3999550061790592e-05,4,0,60,66,31,22,13,25,1.0
2495013_1773.jpg,NOS_t1,Pieter Omtzigt,happy,0.3509705396947586,0.0001395083328523634,1.289669966827033,82.21375836215964,1.7614844373753331,2.2456192818653156,12.138359227082683,6,0,53,67,47,26,20,28,1.0
2495152_1722.jpg,NOS_t1,Pieter Omtzigt,happy,2.377014420926571,0.0003590256937968661,0.8427132852375507,93.48817467689514,0.8837389759719372,0.0018239663404528983,2.4061711505055428,7,2,98,133,93,51,48,55,0.97
2495179_1721.jpg,NOS_t1,Pieter Omtzigt,angry,50.122326612472534,0.00026250950213579927,5.995355546474457,0.6686510518193245,1.4244966208934784,0.10396675206720829,41.684943437576294,7,1,104,151,98,66,47,62,0.96
2495318_1674.jpg,NOS_t1,Pieter Omtzigt,angry,69.77204084396362,3.986309708974706e-11,0.3664766438305378,4.395133501589044e-06,29.616287350654602,9.987014809435292e-13,0.24519374128431082,0,0,58,74,54,30,30,27,1.0
2495405_1643.jpg,NOS_t1,Pieter Omtzigt,happy,1.9989604130387306,5.186215616959089e-05,0.001847894054662902,97.94948101043701,0.049237877829000354,3.106611146108662e-06,0.00041267176129622385,27,3,61,86,56,33,33,44,1.0
2495525_1587.jpg,NOS_t1,Pieter Omtzigt,angry,37.139785289764404,0.30372319743037224,25.061878561973572,0.06500929594039917,22.32431024312973,2.567875199019909,12.53741979598999,1,0,51,62,43,26,19,25,1.0
2496702_1154.jpg,NOS_t1,Pieter Omtzigt,happy,0.40550546343657157,3.362622381130514e-05,1.4532689871352307,93.91218983603655,0.09043784186991106,3.442086484556585,0.6964832028140546,6,0,84,103,72,40,31,42,1.0
2497165_958.jpg,NOS_t1,Pieter Omtzigt,neutral,16.07934981584549,0.0002599872459541075,0.15777756925672293,1.4155943877995014,7.863402366638184,0.008299688488477841,74.47531819343567,6,0,37,45,30,17,13,19,1.0
2497214_944.jpg,NOS_t1,Pieter Omtzigt,disgust,6.187877058982849,50.563740730285645,21.430644392967224,0.021427190222311765,20.18309235572815,1.490932796150446,0.1222842838615179,5,1,80,94,66,37,29,39,1.0
2497245_924.jpg,NOS_t1,Pieter Omtzigt,happy,0.0006269208743887125,5.934214185194647e-14,0.00011147953483116252,99.99923110003657,6.964581149469077e-06,2.225824137778191e-05,2.471045737654507e-07,10,0,96,119,96,48,64,44,1.0
2497513_823.jpg,NOS_t1,Pieter Omtzigt,angry,81.06078731289061,0.006280670619871617,18.23413750718385,0.008732270776312185,0.018272345919292162,0.6714991424680778,0.00028441048718536754,8,7,84,96,45,43,16,55,1.0
2497963_693.jpg,NOS_t1,Pieter Omtzigt,sad,0.33287028782069683,4.735979164394166e-07,0.009829960617935285,4.948078840970993,94.54185366630554,9.483008156507822e-07,0.16736756078898907,5,1,41,50,37,23,16,21,1.0
2498209_595.jpg,NOS_t1,Pieter Omtzigt,neutral,0.23711470421403646,8.047863531146504e-06,0.004120260928175412,2.537791430950165,2.847018651664257,0.0005819179932586849,94.37336921691895,7,0,52,67,44,23,20,29,1.0
2498458_538.jpg,NOS_t1,Pieter Omtzigt,neutral,10.628025233745575,0.06532007246278226,13.28999400138855,0.33862791024148464,21.849583089351654,0.2915855497121811,53.53686809539795,11,0,184,217,155,93,66,88,0.99
2498691_428.jpg,NOS_t1,Pieter Omtzigt,happy,6.471898359450279e-05,6.537309804599545e-07,0.0014466104403254576,99.99630451202393,0.0015199086192296818,3.335385895426868e-11,0.0006658962320216233,43,41,31,32,67,61,51,61,0.89
2498709_414.jpg,NOS_t1,Pieter Omtzigt,sad,17.256833045860166,3.8742485841744286e-05,3.0123347550827555,0.015803551221867506,70.25469300094926,7.530947198487128e-05,9.46021339771588,9,1,27,36,27,16,14,15,1.0
2499669_087.jpg,NOS_t1,Pieter Omtzigt,happy,0.02228410157840699,3.504148082811298e-07,0.26421421207487583,99.6367335319519,0.0741708732675761,1.1846074121635297e-08,0.0025982768420362845,13,0,38,51,35,18,17,20,1.0
2501451_692.jpg,NOS_t1,Pieter Omtzigt,happy,0.1718723783267962,2.8487738312126038e-06,0.04588900756733164,99.76077674393515,0.011638281978527128,0.00019846701253003096,0.009621184863621212,39,0,110,154,102,56,55,58,1.0
2501591_624.jpg,NOS_t1,Pieter Omtzigt,neutral,37.88741158768008,6.743716742863599e-06,0.11730922386775755,0.001211450743897909,20.442986216723096,9.852637409223867e-05,41.55097851461044,8,1,59,70,47,26,22,30,1.0
2488894_4231.jpg,NOS_t1,Rob Jetten,sad,8.579053729772568,0.010567512072157115,4.291451349854469,0.08558562258258462,70.8774745464325,0.031001950264908373,16.124869883060455,6,3,123,149,104,62,47,59,0.92
2488934_4208.jpg,NOS_t1,Rob Jetten,neutral,0.09757273946888745,2.178107107381807e-14,7.702992910196826e-07,0.07297588745132089,0.009444766328670084,2.8704457213923895e-09,99.82000589370728,23,0,96,127,87,51,42,48,0.96
2490188_3766.jpg,NOS_t1,Rob Jetten,sad,0.028535114206604015,5.194207088970737e-13,0.010170288320769046,3.9290670283300464e-08,99.38192363869689,8.03203851255711e-12,0.5793696614724196,12,0,51,63,49,26,21,22,1.0
2491384_3256.jpg,NOS_t1,Rob Jetten,happy,6.560491137720457e-05,9.177424688841652e-14,0.005521232274548707,99.95611905266983,2.5710941976605572e-06,0.007441414948554402,0.030857903463502846,11,0,67,96,65,37,34,38,1.0
2494846_1828.jpg,NOS_t1,Rob Jetten,happy,0.47016065584548183,0.0035713896687495313,0.2678684045441037,85.41726892200337,2.1149414318730155,0.014592343643605697,11.711601818990925,14,1,21,34,22,14,14,16,1.0
2495605_1558.jpg,NOS_t1,Rob Jetten,happy,3.3814406136256636e-09,1.078553220776415e-25,4.3271623081617713e-14,100.0,5.0014812034765085e-12,3.3842148303228213e-17,2.356616854784499e-10,4,2,32,46,34,20,20,21,1.0
2497749_751.jpg,NOS_t1,Rob Jetten,neutral,0.1549750450067222,3.561630374307456e-10,0.00019768542642850662,0.5973567720502615,0.10108003625646234,3.1588305304808273e-07,99.14639592170715,11,0,349,453,306,156,156,189,1.0
2497963_691.jpg,NOS_t1,Rob Jetten,happy,1.551663094886968e-10,4.957260476679148e-25,2.89882758986579e-14,99.98841285705566,2.5476045968989003e-11,3.8581986494534704e-07,0.011585359607124701,7,2,37,48,35,21,17,20,1.0
2498391_547.jpg,NOS_t1,Rob Jetten,happy,2.8025711363167255e-12,2.802196942015977e-35,2.7550578600848016e-22,100.0,4.2311785528996087e-16,4.354233084109325e-15,3.33015678834897e-11,0,0,94,120,78,48,40,45,1.0
2498481_521.jpg,NOS_t1,Rob Jetten,happy,1.7721165924662954e-12,2.190779526202518e-33,1.8499023598283296e-18,100.0,7.795910590282799e-15,3.421146552497663e-15,4.2443757960564186e-13,8,1,30,45,31,18,16,18,1.0
2498509_510.jpg,NOS_t1,Rob Jetten,happy,1.424843958375277e-05,1.3906199833964208e-12,2.392839482112663e-07,99.99990463256836,2.6880921100147503e-09,6.062613744362011e-08,8.600656542512297e-05,25,0,76,105,72,42,37,39,1.0
2498604_475.jpg,NOS_t1,Rob Jetten,fear,0.24260233622044325,1.2955902128908292e-06,94.73103880882263,0.6988696753978729,0.42339274659752846,0.003951961116399616,3.9001427590847015,17,3,31,45,32,19,19,20,1.0
2498625_464.jpg,NOS_t1,Rob Jetten,happy,4.1705285344780042e-22,0.0,2.3233877181290754e-26,100.0,3.0349402582283615e-20,6.5515229438555465e-25,3.3973620357924394e-10,8,1,35,47,35,20,19,19,1.0
2498709_412.jpg,NOS_t1,Rob Jetten,sad,1.264655602462028e-07,1.9815265054485498e-19,0.6058809347450733,1.3988692426636362e-07,97.9434072971344,2.784478869699569e-07,1.4507143758237362,25,0,31,56,38,20,28,24,1.0
2500946_894.jpg,NOS_t1,Rob Jetten,neutral,0.013580186350736767,5.352112186058321e-12,0.0007407805242110044,0.1427676877938211,1.3098305091261864,0.00017525011344332597,98.53290915489197,34,3,306,384,263,143,119,152,1.0
2489967_3876.jpg,NOS_t1,Stephan van Baarle,angry,60.60550808906555,1.1391568027416255e-10,0.0043430183723103255,3.1340782413735724e-06,3.6844559013843536,3.849634500063814e-09,35.70569157600403,33,0,95,128,88,51,46,51,1.0
2490089_3841.jpg,NOS_t1,Stephan van Baarle,sad,10.281356291851777,0.0001235357518417359,1.7822210807932068,0.00552030429551329,87.65228317095537,6.404406276232448e-06,0.27849312668997805,57,2,104,159,101,60,66,66,1.0
2490673_3551.jpg,NOS_t1,Stephan van Baarle,happy,0.0004807795903616352,2.019357120755516e-10,1.1372636521400636e-05,99.55465793609619,0.015500327572226524,0.0004979978257324547,0.4288483876734972,9,0,47,60,43,25,21,24,1.0
2495228_1715.jpg,NOS_t1,Stephan van Baarle,happy,1.660333485010556e-12,4.376888806471843e-25,1.8669118612417868e-13,99.98158812522888,3.2151707105064833e-12,0.00011940077229155577,0.018296173948328942,4,0,45,58,38,20,18,25,1.0
2496283_1335.jpg,NOS_t1,Stephan van Baarle,neutral,6.5213799476623535,5.807717588096617e-11,0.00047806465772737283,1.9546524399061127e-06,2.0553279668092728,5.0102216819780665e-08,91.42281413078308,15,0,83,106,77,40,39,45,1.0
2490470_3653.jpg,NOS_t1,Thierry Baudet,neutral,0.0009428132216271479,3.6318095847318766e-19,4.6034749345835735e-06,2.6850100268149824e-09,14.073383808135986,6.585816690173746e-13,85.92567443847656,0,0,259,365,190,137,137,138,1.0
2495328_1671.jpg,NOS_t1,Thierry Baudet,neutral,3.1047105777091133,6.793651046978336e-08,1.0084041064026419,0.0009417860034963156,9.636960753021285,0.001741558584521757,86.24724067731147,4,0,369,419,291,167,114,159,0.99
2495501_1610.jpg,NOS_t1,Thierry Baudet,neutral,28.827586313773832,0.010543098522334721,11.028358515696702,0.023208811906419765,20.507504581510474,0.09884274317708693,39.503951131826504,0,0,52,59,44,24,19,20,0.99
2495513_1599.jpg,NOS_t1,Thierry Baudet,neutral,24.424762989566503,1.2945736987978143e-05,0.6835728825523187,0.009098858387281129,28.381653331616718,0.0005412111345038401,46.50035777690159,12,0,60,77,53,30,24,31,1.0
2495551_1576.jpg,NOS_t1,Thierry Baudet,neutral,2.2193451560324244,1.9639192817841576e-06,0.36971899930012236,0.10146982922392139,4.691570065430395,0.0025252301102346238,92.61536686237254,6,0,144,154,107,61,40,54,1.0
2495587_1563.jpg,NOS_t1,Thierry Baudet,neutral,4.508138820528984,2.623450567895702e-07,0.005986109681543894,0.46601779758930206,10.384954512119293,0.0002107516820615274,84.63469743728638,19,0,59,78,52,29,26,29,1.0
2496401_1286.jpg,NOS_t1,Thierry Baudet,neutral,0.4954178351908922,4.903844257747592e-10,0.08512524655088782,0.0011675940186250955,5.108022317290306,0.009866680193226784,94.30040121078491,11,0,150,182,125,74,57,71,1.0
2497028_1044.jpg,NOS_t1,Thierry Baudet,neutral,0.8997349999845028,4.5931940917398606e-05,4.252287000417709,0.00737291993573308,10.970819741487503,0.0033382471883669496,83.86640548706055,2,1,64,73,48,24,20,35,1.0
2498721_409.jpg,NOS_t1,Thierry Baudet,neutral,0.6084127351641655,1.1469370375313814e-10,0.0025518051188555546,6.820575890742475e-05,1.0043761692941189,0.00020585650872817496,98.38438630104065,14,0,121,154,102,58,48,63,1.0
2500699_959.jpg,NOS_t1,Thierry Baudet,neutral,6.595711058122578,2.0620764104105453e-07,0.013227020887685322,0.0023987303913629104,15.373008869469695,3.4969453774245376e-05,78.01561820600142,93,0,289,383,267,161,144,149,1.0
2495318_1672.jpg,NOS_t1,Wybren van Haga,neutral,0.0009967175174097065,1.5486840254652634e-06,8.794166147708893,16.27238839864731,16.34429395198822,0.04259867419023067,58.5455596446991,5,0,40,51,37,19,18,20,1.0
2496808_1127.jpg,NOS_t1,Wybren van Haga,happy,0.019798001449089497,3.6624365407078585e-05,0.26177780237048864,97.87907600402832,0.13003097847104073,0.06110354443080723,1.6481729224324226,1,1,46,50,38,24,18,19,0.97
6278971_3115.jpg,NU_t1,Caroline van der Plas,sad,7.535390555858612,0.04137564392294735,4.27509993314743,2.5221044197678566,70.18187642097473,0.211245846003294,15.232907235622406,6,0,46,63,44,25,22,23,1.0
6279208_2976.jpg,NU_t1,Caroline van der Plas,fear,0.0055430864115548605,1.9443913784763704e-10,59.46926232989206,0.0037637792471860274,39.84329341908058,3.9068040022460145e-07,0.6781399654233435,17,5,123,154,103,57,45,68,0.98
6284180_1331.jpg,NU_t1,Caroline van der Plas,happy,0.11635600351429007,1.3943957043028302e-06,0.0006312518429419659,99.24554224285735,0.22426633104034252,0.0013475583621708072,0.41185768913374476,7,0,88,108,75,46,33,39,0.99
6286408_747.jpg,NU_t1,Caroline van der Plas,happy,0.10051802964881063,9.200712414170198e-09,0.0034141157811973244,99.65389966964722,0.22992179729044437,0.0006844628387625562,0.011564022861421108,3,3,31,42,31,20,17,18,1.0
6288461_071.jpg,NU_t1,Caroline van der Plas,happy,0.027704820575921763,7.738251477497708e-09,8.521213829039844e-07,99.94704127943024,0.008152003767009376,3.0484052534251773e-06,0.01709439617061735,9,1,50,62,42,23,20,26,1.0
6289454_5571.jpg,NU_t1,Caroline van der Plas,happy,0.49523618072271347,0.09764584247022867,6.058735027909279,64.49317336082458,17.030800879001617,0.008195379632525146,11.81621253490448,6,4,35,42,32,20,16,20,0.96
6289612_5391.jpg,NU_t1,Caroline van der Plas,happy,0.0005124297786096577,4.7312616557592344e-17,1.0091805791034858e-05,99.99946355819702,3.1589991067448864e-06,9.383967908282997e-09,6.942833152834282e-06,1,0,105,127,84,45,38,54,1.0
6290114_5284.jpg,NU_t1,Caroline van der Plas,happy,7.751330733299255,2.524443157017231,7.694866508245468,77.77816653251648,4.030608385801315,0.004834641367779113,0.21575065329670906,3,2,24,32,22,15,11,13,0.99
6292014_4699.jpg,NU_t1,Caroline van der Plas,sad,0.005455848804558627,4.359268779285941e-08,0.3953627310693264,0.8057334460318089,96.34882807731628,1.3919341235180127e-06,2.444617450237274,20,0,46,66,41,26,24,26,1.0
6295127_3497.jpg,NU_t1,Caroline van der Plas,sad,0.07439705077558756,3.5102477369264307e-06,0.09577577584423125,0.0005775440058641834,98.48073720932007,4.1215903934244125e-05,1.3484649360179901,8,0,101,126,83,47,38,57,1.0
6295717_3280.jpg,NU_t1,Caroline van der Plas,happy,0.06466658669523895,1.750762785986896e-13,0.0002875816562664113,66.00226759910583,33.88572931289673,4.438838985265647e-06,0.04704034072346985,1,0,49,51,34,13,12,18,0.99
6279763_2850.jpg,NU_t1,Dilan Yesilgoz,sad,0.013348011998459697,8.094797748769977e-09,0.040892817196436226,0.006606793613173068,95.27267813682556,3.6814454262845686e-09,4.666468501091003,15,0,72,88,60,37,27,33,1.0
6282257_2094.jpg,NU_t1,Dilan Yesilgoz,surprise,0.011390963481971994,5.688236104361977e-07,32.132673263549805,0.012431482900865376,6.441920419320013e-06,67.84350275993347,2.0725337002147626e-07,9,8,35,45,32,21,16,25,1.0
6282257_2095.jpg,NU_t1,Dilan Yesilgoz,fear,0.22153899928414816,0.012108228832880636,95.53028318466444,0.006288216911438743,0.0746488324622859,4.14858261636392,0.006553138181940507,1,0,34,35,25,9,10,12,1.0
6286408_746.jpg,NU_t1,Dilan Yesilgoz,surprise,1.21439547307034e-07,6.174362627459987e-15,0.013332520029507577,0.000633878335065674,1.2366423163268081e-08,99.96670484542847,0.01932718587340787,2,1,28,38,27,15,13,14,1.0
6289454_5570.jpg,NU_t1,Dilan Yesilgoz,happy,0.006415625102818012,1.55256252298841e-08,0.0004632674517779378,75.69915056228638,0.004207967140246183,0.013923377264291048,24.275843799114227,4,1,32,41,30,17,14,16,1.0
6289653_5472.jpg,NU_t1,Dilan Yesilgoz,neutral,0.03665409458335489,3.4985436769829903e-07,0.32886851113289595,0.0013958008821646217,35.78181862831116,5.016175350647245e-05,63.851213455200195,10,0,35,45,25,18,13,18,1.0
6289892_5303.jpg,NU_t1,Dilan Yesilgoz,neutral,0.8255165017525552,4.5180417217227256e-05,1.0525391113711462,0.3855743218646262,11.34395464134757,0.030151218423288353,86.36221452209776,12,0,93,108,78,42,34,39,0.95
6290713_5192.jpg,NU_t1,Dilan Yesilgoz,neutral,2.564721927046776,0.001540388802823145,4.171770438551903,3.529704734683037,7.238434255123138,6.595246493816376,75.89858770370483,2,0,70,73,49,23,21,33,1.0
6290777_5165.jpg,NU_t1,Dilan Yesilgoz,happy,0.10106966324437698,2.7918084779885968e-05,32.22213599417972,65.34666236082764,0.035641687398649764,1.6619246334523399,0.6325291181321003,11,1,57,71,50,27,22,29,0.99
6290899_5102.jpg,NU_t1,Dilan Yesilgoz,neutral,1.5424494607686354,3.235696043802047e-05,0.13747729137269155,0.056525233420757465,4.9552945739381995,0.011105625031301756,93.2971171494862,3,0,79,97,69,39,30,40,1.0
6291012_5025.jpg,NU_t1,Dilan Yesilgoz,happy,3.7993541389318786,0.02166008764062599,21.26192428242709,73.66130791075872,1.111190087270146,0.14280808078098778,0.001757914938213356,6,2,34,38,30,16,12,17,0.99
6291021_5049.jpg,NU_t1,Dilan Yesilgoz,sad,0.0015240862014570425,4.788736891262792e-09,0.013131297490740122,0.0004540642207620244,63.08324777087596,0.0006013589165183331,36.90103746640236,10,4,66,72,55,30,27,42,1.0
6291129_5011.jpg,NU_t1,Dilan Yesilgoz,sad,0.6465685393295931,1.6031138832479002e-10,1.354537041281109,8.09305519154389e-07,82.15800311064757,0.0005530055409358667,15.8403385687278,27,0,117,144,99,52,44,58,1.0
6291243_4977.jpg,NU_t1,Dilan Yesilgoz,happy,0.00024613234472781187,1.003346241645886e-05,5.684360093738405e-07,99.8683512210846,0.004192120104562491,5.191885676936181e-06,0.12719365768134594,16,0,92,116,79,42,36,48,1.0
6291927_4741.jpg,NU_t1,Dilan Yesilgoz,sad,13.315253753379212,0.39193842102220183,39.33499093860334,0.011827595858570314,46.79397623503066,0.0987150299528259,0.05329856384648763,8,0,23,28,24,10,13,11,1.0
6292865_4346.jpg,NU_t1,Dilan Yesilgoz,happy,9.850497235674993e-05,1.9143460150417013e-06,0.0792314822319895,86.21084094047546,0.024064668104983866,0.0169724939041771,13.668787479400635,8,0,98,122,85,49,37,45,0.96
6293175_4239.jpg,NU_t1,Dilan Yesilgoz,fear,0.22028900133305795,4.267287151525061e-05,95.4307434219565,2.134723716063721,0.22699654989669024,0.10904269942895767,1.8781581150387594,24,3,83,105,72,40,36,54,1.0
6293945_3943.jpg,NU_t1,Dilan Yesilgoz,happy,0.02351497096242383,5.214546305865042e-06,2.1892750723395693e-06,98.76875281333923,0.011083601566497236,9.670593215105328e-06,1.1966336518526077,18,0,64,82,58,30,28,32,1.0
6294061_3896.jpg,NU_t1,Dilan Yesilgoz,sad,0.08868899841429284,1.5475779447770657e-05,13.790264057532791,0.2589331395660722,85.0483229785158,0.010331596310690198,0.8034446755614684,10,8,49,62,48,29,24,29,1.0
6294064_3892.jpg,NU_t1,Dilan Yesilgoz,angry,87.88305521011353,2.7045006234516222e-06,7.382452487945557,0.005247826629783958,3.900608792901039,0.04200802359264344,0.786626897752285,16,0,99,119,81,40,36,44,1.0
6294249_3793.jpg,NU_t1,Dilan Yesilgoz,happy,0.02520707644359478,3.330249816237336e-09,0.6518812307346601,88.29500605434215,0.017627929223875953,0.031104094922227855,10.979175476978748,8,3,76,95,66,34,32,44,1.0
6294619_3657.jpg,NU_t1,Dilan Yesilgoz,neutral,0.015512845129705966,3.072824767968996e-05,38.04478645324707,0.0023115908334148116,15.169142186641693,0.014501293480861932,46.75371050834656,10,0,25,35,25,11,13,12,1.0
6294674_3662.jpg,NU_t1,Dilan Yesilgoz,happy,4.40553942775556e-05,7.737904393614084e-12,4.2090515781839333e-10,99.98579025099161,2.0633367698298364e-05,1.0676300006683387e-07,0.014153024180873386,66,0,250,323,221,137,112,115,1.0
6280207_2742.jpg,NU_t1,Esther Ouwehand,happy,0.002508539514019181,2.7286672812867444e-10,3.517632617246428e-06,98.96218174470555,0.025746012476966527,0.0003563390676872924,1.0092082103614932,6,0,140,180,127,79,66,67,1.0
6280222_2737.jpg,NU_t1,Esther Ouwehand,happy,1.8828687288038828e-06,2.819993872153973e-14,2.1150219548508892e-05,99.16650051870946,6.311035270846339e-06,0.7265859716585857,0.10688491802721727,2,0,47,63,44,24,22,24,0.99
6280392_2636.jpg,NU_t1,Esther Ouwehand,happy,1.5604907645577648,4.033211054611929e-05,7.210049462917415,88.3590691303652,0.17811297336521587,0.019662384591896658,2.6725791125046676,23,1,81,105,72,41,36,41,1.0
6280469_2626.jpg,NU_t1,Esther Ouwehand,fear,0.0505135276208338,1.0706094455905492e-08,70.23874876037254,0.023229983485361667,0.13750694449908202,0.13144957662974874,29.418545434648344,6,6,89,124,82,48,46,54,1.0
6280518_2614.jpg,NU_t1,Esther Ouwehand,fear,0.09577073528556701,1.7639443001792576e-05,99.6794522190747,0.15536179310985887,0.00313407689574003,0.056148529111396776,0.010111300320833511,0,0,77,113,67,42,42,42,1.0
6280672_2571.jpg,NU_t1,Esther Ouwehand,happy,1.5604907645577648,4.033211054611929e-05,7.210049462917415,88.3590691303652,0.17811297336521587,0.019662384591896658,2.6725791125046676,23,1,81,105,72,41,36,41,1.0
6280754_2552.jpg,NU_t1,Esther Ouwehand,neutral,4.320097714662552,0.09613524889573455,1.8658040091395378,20.13881802558899,5.567645654082298,7.3765963315963745,60.6348991394043,14,3,70,87,57,32,28,37,1.0
6280989_2418.jpg,NU_t1,Esther Ouwehand,neutral,4.320097714662552,0.09613524889573455,1.8658040091395378,20.13881802558899,5.567645654082298,7.3765963315963745,60.6348991394043,14,3,70,87,57,32,28,37,1.0
6281053_2463.jpg,NU_t1,Esther Ouwehand,surprise,0.007907777035143226,1.6899955213034445e-06,8.051841706037521,18.651926517486572,1.3943437486886978,58.23283791542053,13.661141693592072,10,1,96,123,83,47,38,50,0.99
6282372_2053.jpg,NU_t1,Esther Ouwehand,happy,0.6956839933991432,7.743380816354864e-16,8.243802085416974e-06,99.27319884300232,4.227918850574497e-05,1.5644110132894312e-20,0.031070676050148904,52,0,78,130,88,46,54,53,1.0
6284228_1473.jpg,NU_t1,Esther Ouwehand,fear,0.03698966756928712,6.605709867990583e-08,99.89363551139832,0.003342808486195281,0.018043517775367945,0.03345154691487551,0.014536474191118032,0,0,51,60,42,25,21,23,1.0
6288646_009.jpg,NU_t1,Esther Ouwehand,neutral,33.41873586177826,1.7391894451066136e-19,0.004843012357014231,5.468805882322472e-12,0.84296939894557,1.7050767265117117e-10,65.73345065116882,0,0,113,129,97,59,45,43,1.0
6289653_5473.jpg,NU_t1,Esther Ouwehand,fear,0.4331614822149277,9.999179440001171e-06,49.7254878282547,8.823652565479279,0.1988020958378911,39.6476686000824,1.1712253093719482,3,4,45,56,42,26,20,23,1.0
6290485_5212.jpg,NU_t1,Esther Ouwehand,surprise,0.39035954981481435,6.990503342186226e-05,41.86546005422353,3.0213562895230903,0.11484826477190677,53.5163279156294,1.091575026771423,12,2,65,85,58,31,28,38,0.99
6286408_749.jpg,NU_t1,Frans Timmermans,angry,61.299920082092285,0.02979539567604661,11.99987307190895,0.5584045313298702,23.844370245933533,0.3371291095390916,1.930505596101284,3,2,35,40,31,19,16,17,0.98
6288440_094.jpg,NU_t1,Frans Timmermans,sad,0.2606255700811744,1.4286540306329698e-05,0.021306124108377844,1.413819845765829,81.17879033088684,2.7239474320595036e-05,17.125412821769714,1,0,35,43,28,18,12,17,1.0
6290713_5189.jpg,NU_t1,Frans Timmermans,sad,5.644837021827698,0.0032912808819673955,1.3906825333833694,0.0010871300219150726,54.861462116241455,0.000949631430557929,38.097694516181946,11,1,64,84,57,35,28,35,0.99
6290909_5097.jpg,NU_t1,Frans Timmermans,angry,68.77319812774658,3.305230662226677,16.90509468317032,0.08340072236023843,9.917639940977097,0.0028477126761572435,1.0125861503183842,8,5,73,86,62,39,29,38,0.99
6291012_5029.jpg,NU_t1,Frans Timmermans,happy,6.59122944254534e-07,4.321959157763377e-14,0.3250986881436481,97.5385072781435,2.112514460085099,1.233080712647013e-08,0.023872118682478377,2,1,29,34,25,10,11,11,1.0
6279446_2899.jpg,NU_t1,Geert Wilders,neutral,8.440435435797896,0.2494781659605006,7.055302384811782,0.09282605577341055,38.448020127297646,0.011820155463870568,45.702114445097116,1,0,25,32,22,13,10,14,1.0
6280379_2646.jpg,NU_t1,Geert Wilders,angry,60.242247581481934,0.0013948628293292131,14.49519693851471,0.01405476505169645,21.729931235313416,0.04022476205136627,3.4769516438245773,5,0,80,100,68,38,31,42,1.0
6281911_2186.jpg,NU_t1,Geert Wilders,neutral,0.024718954264210672,1.1103420804140416e-12,0.0012334148429237305,0.0019502184437615432,7.479460683996759,8.963097444697765e-08,92.49263912351597,14,0,58,73,49,27,25,31,1.0
6290658_5215.jpg,NU_t1,Geert Wilders,neutral,19.4827601313591,2.785214767153654e-10,33.48818123340607,1.171022168122704e-07,8.563465625047684,0.0002693579972401494,38.46532702445984,1,0,38,60,35,23,22,23,1.0
6290713_5193.jpg,NU_t1,Geert Wilders,happy,2.5865058125250564,9.01304585328202e-11,0.0003937627283346334,83.914132843717,0.09816633531331,0.0020512075308435,13.39874554887467,0,0,66,85,57,38,32,31,1.0
6290738_5178.jpg,NU_t1,Geert Wilders,neutral,26.075047254562378,4.6531755515388795e-05,1.4399678446352482,0.4150696098804474,16.343118250370026,7.344333425862715e-05,55.72667121887207,1,2,26,34,23,16,12,16,1.0
6290882_5122.jpg,NU_t1,Geert Wilders,angry,60.49426323107043,0.008998441243824064,37.123332872788055,1.6714142765300604,0.6343331012824894,0.0017043541660251406,0.06595474755597086,10,1,70,90,44,36,24,49,1.0
6290882_5124.jpg,NU_t1,Geert Wilders,angry,62.78343644339604,2.0368488909905564e-07,35.490997375130966,3.422021440172835e-05,1.7254048764223007,1.175046941781827e-06,0.0001194118311545503,6,0,55,61,32,18,13,26,0.99
6290906_5098.jpg,NU_t1,Geert Wilders,happy,6.210730522577874e-07,1.9881225996360105e-15,6.7698968525054744e-09,99.98556971463977,2.2203229468361403e-08,1.3087399322735838e-05,0.01441732105818442,39,0,168,207,151,81,74,84,1.0
6290919_5088.jpg,NU_t1,Geert Wilders,happy,1.0146992135418031e-07,3.8881135977947063e-19,2.458096573509927e-09,99.99293088912964,0.003779226972255856,9.411467780237256e-15,0.0032926745916483924,13,0,61,74,48,23,20,24,1.0
6290960_5076.jpg,NU_t1,Geert Wilders,angry,53.29190453387445,26.226770731595668,3.2932758130698425,8.307361357526617,8.674130299791061,0.0033811618385010257,0.20317204668557087,8,0,46,58,40,21,17,23,1.0
6290976_5068.jpg,NU_t1,Geert Wilders,angry,78.85581254959106,1.3013025745749474,4.3724507093429565,0.04056136531289667,2.1229956299066544,11.57475933432579,1.7321223393082619,9,0,79,89,65,28,30,26,0.91
6290991_4940.jpg,NU_t1,Geert Wilders,happy,0.014804239617660642,1.3149164916625988e-10,1.6312810824370416e-08,65.54773449897766,0.009447337652090937,7.225457347237799e-12,34.42801535129547,11,0,49,61,38,17,17,21,1.0
6291012_5024.jpg,NU_t1,Geert Wilders,happy,5.349656681205579e-05,8.485196558489251e-10,0.0014875962710822106,96.02798795866894,0.0006937600078038085,0.023152732971846043,3.9466253040209596,10,0,41,53,39,20,20,24,1.0
6291034_5036.jpg,NU_t1,Geert Wilders,happy,0.0006444693483317162,1.6046736565584458e-11,4.180606332720542e-05,99.26456804660369,0.0002924980382605567,0.0012250027614589098,0.7332290494131475,17,1,110,135,91,51,41,52,1.0
6291205_4933.jpg,NU_t1,Geert Wilders,sad,1.669454574584961,0.05538758123293519,1.8588008359074593,1.6896523535251617,70.70796489715576,0.009165853407466784,24.009573459625244,35,0,103,138,92,46,49,52,1.0
6291919_4742.jpg,NU_t1,Geert Wilders,angry,46.62472605705261,3.5444603944896566e-17,0.01585944410180673,0.00023822608454793226,11.33376657962799,1.2369958573080209e-10,42.025408148765564,1,0,39,53,37,19,21,22,1.0
6291919_4743.jpg,NU_t1,Geert Wilders,angry,94.96210933635012,7.023568227123287e-16,0.052480218294136335,0.0002204276072154474,4.485710758397398,9.080146306350903e-12,0.4994701800268459,28,9,40,57,65,31,49,34,1.0
6292138_4638.jpg,NU_t1,Geert Wilders,fear,5.645355654316466,6.53676842667909e-05,93.76222565624408,0.5220783717687879,0.05622949013731001,0.0004003071785800216,0.01364044711601247,49,0,146,199,122,71,62,81,1.0
6292155_4628.jpg,NU_t1,Geert Wilders,sad,1.1928965337574482,7.460136508541382e-07,11.21785119175911,0.016080446948762983,87.03804016113281,4.819328491834085e-07,0.535130500793457,67,0,155,222,141,81,80,98,1.0
6292199_4614.jpg,NU_t1,Geert Wilders,neutral,7.024119064169554e-08,1.5991774215032286e-16,0.24098593275994062,2.4580229407433762e-06,8.586609363555908,2.0537430263367629e-10,91.17240309715271,0,0,201,266,172,90,118,74,1.0
6292536_4495.jpg,NU_t1,Geert Wilders,neutral,0.0042674826545407996,6.942526970363358e-36,9.343795776982269e-13,1.3643243652883275e-09,0.10841386392712593,4.639762162365665e-26,99.88731741905212,26,0,35,61,41,24,28,24,1.0
6292927_4330.jpg,NU_t1,Geert Wilders,neutral,3.913087770342827,1.4237252995371819,0.16166171990334988,0.4180793184787035,1.8792090937495232,0.021326224668882787,92.1829104423523,3,0,50,63,44,24,21,23,0.93
6293481_4134.jpg,NU_t1,Geert Wilders,fear,23.334233661385337,0.031200961448510117,38.17166529039558,5.315775535610254,26.714762840895315,1.6216734353693205,4.810679503002226,13,3,92,109,75,42,37,51,1.0
6294770_3591.jpg,NU_t1,Geert Wilders,happy,2.896895362129315e-15,6.465796391122423e-31,2.119040144718405e-17,100.0,3.487543182214437e-16,1.0346916144108329e-13,7.386943834397641e-09,1,0,45,54,37,20,18,20,1.0
6295053_3505.jpg,NU_t1,Geert Wilders,angry,88.6376142501831,7.408673826335421e-11,0.1154161524027586,3.041597828269005,8.159970492124557,1.5726100976998225e-10,0.04540340160019696,14,0,58,72,50,29,23,30,1.0
6295105_3411.jpg,NU_t1,Geert Wilders,fear,7.655082643032074,2.50523214617715e-05,72.55105972290039,4.9508146941661835,8.837486803531647,1.1593974195420742,4.8461370170116425,2,0,46,50,35,20,14,18,0.99
6295105_3412.jpg,NU_t1,Geert Wilders,neutral,0.3120425343240818,7.870672121327851e-05,10.42238237991228,0.9679744597062147,1.0978446065094833,0.006701856581651439,87.19297571140383,7,0,59,72,51,31,24,29,0.99
6295172_3423.jpg,NU_t1,Geert Wilders,fear,14.36845745852336,0.5049879963688848,42.142134436496164,0.8066948984083473,39.86847042253437,0.010811238379142486,2.29844241132989,6,2,39,51,36,23,19,23,1.0
6295260_3403.jpg,NU_t1,Geert Wilders,neutral,3.075919859111309,0.00020932322968292283,0.0010391709110990632,3.704892098903656,24.47417825460434,4.552124011070191e-07,68.74375939369202,6,0,29,35,23,14,11,15,1.0
6282232_2093.jpg,NU_t1,Henri Bontebal,sad,0.09419747491240352,2.71194798350982e-06,12.560214850915363,0.006848070596602297,82.24412097001797,0.0012534373874089149,5.093366956315455,18,4,79,93,66,37,33,40,1.0
6282532_2011.jpg,NU_t1,Henri Bontebal,sad,0.0020265724742785096,2.05747398285272e-10,1.495708804577589,0.00043712534534279257,96.02059721946716,5.126491373630415e-05,2.48117633163929,21,3,77,95,69,37,35,40,1.0
6288461_070.jpg,NU_t1,Henri Bontebal,happy,3.0290754349238114e-07,5.491446099379979e-19,2.6156623911035335e-15,99.9913215637207,6.6341723781171424e-09,2.655114389254424e-12,0.008677442383486778,7,0,49,56,39,21,17,23,1.0
6288839_5629.jpg,NU_t1,Henri Bontebal,neutral,0.10224241441443052,6.986627249063398e-08,0.001065584337842788,0.09675313480403333,0.13307028777571248,0.005915853023635776,99.66095087891524,14,1,76,90,65,35,32,36,1.0
6289454_5573.jpg,NU_t1,Henri Bontebal,happy,4.786127034798774e-08,1.805884616179787e-13,4.6389557771763417e-07,96.76016607759404,0.0012082884874209515,2.730984321755771e-05,3.2385919107685197,0,0,34,35,28,10,11,10,1.0
6290713_5188.jpg,NU_t1,Henri Bontebal,neutral,0.704116327688098,6.749971692698864e-07,0.010678057878976688,46.20799124240875,0.3800230799242854,4.1214363477593e-05,52.69714593887329,10,0,46,56,40,20,18,20,1.0
6287165_048.jpg,NU_t1,Joost Eerdmans,angry,74.05437076415842,0.062036774093614466,4.0315123815245855,0.014903429270553844,18.00767886684411,3.3394726121111282,0.4900289525853963,18,0,76,102,68,39,33,39,0.99
6292796_4389.jpg,NU_t1,Kees van der Staaij,happy,0.0002667457010829821,2.0711401343964653e-10,5.6456546104755034e-06,99.98644590377808,0.001382476602884708,0.003220138023607433,0.00868057832121849,4,0,28,33,24,11,12,12,1.0
6288461_072.jpg,NU_t1,Laurens Dassen,sad,24.32684000294447,0.0019431104441025,0.5238843928357597,1.5383383244775728,52.184596787965106,0.00038111779756667236,21.42401614332295,10,0,28,40,27,15,15,14,1.0
6288965_5695.jpg,NU_t1,Laurens Dassen,happy,4.558286832434533e-05,1.739244496238201e-18,1.3704325001195894e-09,99.99635219573975,3.2608010736012716e-08,4.682277135459323e-10,0.003603941877372563,7,0,73,88,61,33,29,35,1.0
6284687_1280.jpg,NU_t1,Lilian Marijnissen,neutral,5.446886271238327,0.0004968960638507269,20.35163640975952,0.07241553394123912,20.753906667232513,1.0137313045561314,52.360934019088745,11,1,57,74,51,30,24,32,1.0
6288013_3149.jpg,NU_t1,Lilian Marijnissen,happy,0.006862979762238175,2.3689929653340396e-05,1.2627888292246359,96.15179277371125,0.12458395955466983,0.4298238339915177,2.024126918561871,33,4,116,154,113,65,59,69,0.99
6293339_4186.jpg,NU_t1,Lilian Marijnissen,neutral,0.4287018395272685,1.0606545842873696e-05,0.4848389774007824,0.01479367170847023,8.446831739326509,0.0009145281911796346,90.62390439225383,10,3,56,71,51,30,24,32,0.97
6293348_4181.jpg,NU_t1,Lilian Marijnissen,angry,44.16584600995135,0.011276099283332664,9.077363798304058,0.025242247018970192,27.422818830349307,0.7142206574047395,18.583232889560804,13,2,58,80,56,34,29,31,1.0
6293367_4173.jpg,NU_t1,Lilian Marijnissen,happy,2.0750525488920968e-07,1.3135712588226819e-14,0.9109594704557097,97.47125536546046,0.04776013969602261,0.02315097678143063,1.5468731541188772,43,6,71,109,75,49,51,50,1.0
6279112_3041.jpg,NU_t1,Pieter Omtzigt,sad,10.057808749936967,0.0002487699861314653,1.288109771089581,3.804398992133261,51.76731923016081,0.015007464055944794,33.06710027848479,10,2,79,97,65,37,28,40,1.0
6282691_1968.jpg,NU_t1,Pieter Omtzigt,angry,42.597123980522156,0.16807815991342068,26.505771279335022,3.8266621530056,12.63379156589508,2.1944209933280945,12.074151635169983,14,1,79,104,70,39,33,44,0.99
6282731_1943.jpg,NU_t1,Pieter Omtzigt,happy,3.550921018270932e-12,4.795537507658275e-22,2.8122999449906516e-13,99.99792575836182,3.9072522994842984e-07,1.728309451332622e-14,0.0020736073565785773,10,0,150,180,131,83,63,65,1.0
6283484_1714.jpg,NU_t1,Pieter Omtzigt,sad,12.77477519361825,0.15975803623396373,6.780452685383122,0.4954652690419715,75.22247285976844,0.026437280878411584,4.540637778677808,12,0,77,97,68,38,31,37,1.0
6284180_1330.jpg,NU_t1,Pieter Omtzigt,happy,0.05305666709318757,4.763971769156106e-10,2.653751778325386e-05,99.94651675224304,0.00022167819224705454,5.442437056579763e-08,0.00018027158148470335,5,0,68,88,59,31,27,35,1.0
6286408_748.jpg,NU_t1,Pieter Omtzigt,happy,9.026724256955276e-07,4.193724835173211e-12,2.68318167684356e-07,99.86587762832642,9.624150152376387e-05,3.8995742102088116e-05,0.13398502487689257,4,0,41,51,36,19,16,22,1.0
6286484_729.jpg,NU_t1,Pieter Omtzigt,happy,1.9449639815372066e-09,4.9178061996559715e-18,9.898969664801083e-10,100.0,3.3167987800730714e-08,5.1000294211313996e-12,2.734567239315311e-07,19,3,32,47,33,20,20,22,1.0
6286573_709.jpg,NU_t1,Pieter Omtzigt,angry,66.84433817863464,0.00044884582166559994,0.29546970035880804,0.12156481388956308,29.281044006347656,0.0008369158422283363,3.4563031047582626,14,0,61,77,52,29,25,31,1.0
6287506_376.jpg,NU_t1,Pieter Omtzigt,angry,99.48209524154663,2.177592667215248e-14,0.0012883990166301373,6.877499680868482e-08,0.5109447985887527,2.4386937164927137e-15,0.005677428634953685,0,0,45,61,44,24,25,22,1.0
6287985_210.jpg,NU_t1,Pieter Omtzigt,sad,0.0015191321827985062,1.9008727415499933e-08,0.6594317819990851,5.5206823832185196e-05,98.96054255492002,1.8598377834450746e-08,0.37845636107252373,0,0,51,51,38,18,15,13,1.0
6288180_033.jpg,NU_t1,Pieter Omtzigt,fear,0.8691679686307907,0.0020141671484452672,82.50725865364075,3.237823396921158,1.959124580025673,7.859276235103607,3.5653293132781982,3,6,33,49,34,25,26,21,1.0
6288440_095.jpg,NU_t1,Pieter Omtzigt,sad,31.13802969455719,0.024685251992195845,0.6879360415041447,0.5988786928355694,64.96082544326782,0.10579974623396993,2.483844570815563,7,5,32,38,30,18,16,21,1.0
6288461_073.jpg,NU_t1,Pieter Omtzigt,sad,6.102049341919979,0.0053363833555751805,4.031316803772259,0.501168688828867,84.00932455118445,0.015646332235881372,5.335156192490827,2,0,76,84,60,29,24,34,1.0
6289063_5697.jpg,NU_t1,Pieter Omtzigt,neutral,5.856719553776202e-05,9.160262726897584e-19,3.7077058106660843,4.7551989723615407e-05,7.464921125688306e-07,0.015966636419761926,96.27622365951538,0,4,107,124,81,60,38,52,0.98
6289190_5674.jpg,NU_t1,Pieter Omtzigt,angry,64.73343162139842,7.019689426253868e-06,3.961793196904254,5.137516119332083,25.397332036336184,0.0022672458258841495,0.7676538071873074,19,0,109,128,89,50,39,54,0.99
6289454_5569.jpg,NU_t1,Pieter Omtzigt,sad,3.9444491267204285,0.0008899668500816915,34.2891126871109,16.5000319480896,41.218194365501404,0.021640888007823378,4.0256839245557785,12,7,37,47,41,26,22,24,1.0
6289454_5574.jpg,NU_t1,Pieter Omtzigt,angry,54.83863353729248,0.011316465679556131,18.900196254253387,7.201053947210312,13.49993646144867,1.9097667187452316,3.6390934139490128,4,0,36,42,30,12,11,9,1.0
6290396_5288.jpg,NU_t1,Pieter Omtzigt,happy,0.0037568250263575464,8.597468223459082e-10,3.210203374237608e-05,61.8919312953949,0.041955505730584264,8.602848566852117e-06,38.06231617927551,6,3,101,113,87,47,39,46,1.0
6290713_5190.jpg,NU_t1,Pieter Omtzigt,neutral,6.541197746992111,0.0011508090210554656,2.150416746735573,1.2845617718994617,22.03783541917801,0.0002383741502853809,67.98459887504578,5,4,50,64,45,27,21,28,0.99
6290738_5177.jpg,NU_t1,Pieter Omtzigt,angry,78.00180315971375,0.0001295151037083997,5.4199304431676865,2.5980671867728233,1.7911501228809357,0.024496568948961794,12.16442584991455,8,0,27,35,23,13,11,15,1.0
6290857_5138.jpg,NU_t1,Pieter Omtzigt,happy,6.031720456434186e-07,2.368225060958833e-20,1.4994586128302956e-08,99.99997615814209,3.92715691077683e-06,8.341677741000386e-15,2.0552548107843904e-05,6,11,57,81,33,44,12,46,1.0
6290991_4939.jpg,NU_t1,Pieter Omtzigt,angry,85.63450914046332,1.1748216057963656e-06,3.754535243726118,5.264623659483849,0.1917115871874846,1.5522324461756551,3.6023917530283485,0,0,48,62,41,23,28,22,1.0
6291012_5026.jpg,NU_t1,Pieter Omtzigt,happy,0.3710589371621609,0.0007403230938507477,0.002866213981178589,89.99049663543701,3.93277145922184,0.00011024593504771474,5.701960623264313,7,0,33,43,26,16,12,17,1.0
6291205_4934.jpg,NU_t1,Pieter Omtzigt,neutral,0.2744319848716259,6.299096037528165e-12,0.4680659156292677,0.0028092816137359478,17.522497475147247,4.725886348921904e-07,81.73220157623291,3,0,96,119,91,43,60,41,1.0
6291858_4766.jpg,NU_t1,Pieter Omtzigt,neutral,7.983829081058502,5.0452126743039116e-05,0.06081403698772192,0.002864151065296028,24.7249037027359,6.6788153674224304e-06,67.22753643989563,24,0,90,114,74,44,33,42,1.0
6292898_4338.jpg,NU_t1,Pieter Omtzigt,happy,3.485372832833298e-05,2.8018296320893765e-10,2.2911746344755936e-06,99.93340372245356,0.0025590961153519366,6.400434279509202e-07,0.06400426681390606,3,2,113,126,85,43,35,58,1.0
6293040_4285.jpg,NU_t1,Pieter Omtzigt,happy,1.2022405293521388e-08,1.5591230097979382e-17,2.9750105157155815e-09,99.99992847442627,1.821461026452198e-06,3.851423954065458e-10,6.894675834701047e-05,7,0,35,46,19,17,8,20,1.0
6293806_3991.jpg,NU_t1,Pieter Omtzigt,fear,0.9340306743979454,0.36677324678748846,83.58424305915833,11.796803772449493,2.635001763701439,0.008124031592160463,0.6750246975570917,18,11,87,97,74,42,35,48,1.0
6293945_3942.jpg,NU_t1,Pieter Omtzigt,happy,1.3492195543426102e-05,1.6228092282255266e-18,3.034442877980949e-08,99.9999821186055,5.641845660535918e-09,1.135660166984621e-06,5.153994161125558e-06,0,0,79,100,69,41,32,38,1.0
6293949_3934.jpg,NU_t1,Pieter Omtzigt,fear,26.503206879091675,0.0004668003662957097,70.7123023696126,0.005326522977228715,0.9141377718232734,1.130651936271902,0.7339013712198359,0,0,46,61,39,15,23,16,1.0
6295260_3401.jpg,NU_t1,Pieter Omtzigt,fear,0.03277366631664336,1.3072341431552559e-06,88.63058090209961,10.891135036945343,0.12326036812737584,0.05305909435264766,0.2691861242055893,20,0,32,52,34,18,25,22,1.0
6281516_2313.jpg,NU_t1,Rob Jetten,happy,1.0079056458802554e-11,1.2401023121425636e-30,2.5453215657027597e-14,100.0,3.363319547014163e-14,8.976355764375374e-12,9.935147322892579e-11,4,1,50,67,46,26,23,26,1.0
6286982_589.jpg,NU_t1,Rob Jetten,happy,1.7785001900988285e-15,1.5141282654816766e-30,2.9564042957304336e-19,100.0,5.6780908419907605e-19,1.6211260578293668e-11,2.0109813814173094e-07,10,0,66,87,58,35,29,34,0.99
6287798_279.jpg,NU_t1,Rob Jetten,happy,2.262087739346441e-09,1.6873137724394682e-25,4.2661110849994376e-13,100.0,1.1376535089956293e-12,2.8057761237006786e-15,1.518321163240799e-08,0,0,30,35,26,15,13,15,1.0
6288774_3192.jpg,NU_t1,Rob Jetten,neutral,1.719518211560509e-08,3.4156387561239e-17,2.5459817883125423e-06,1.8288246969789628,0.0009026479180539646,4.550320821709055e-05,98.17022107002484,0,0,73,121,62,51,44,48,0.99
6289086_5670.jpg,NU_t1,Rob Jetten,sad,20.4364612698555,0.0013434461834549438,1.0223721154034138,4.438677802681923,43.88729929924011,0.13421957846730947,30.0796240568161,3,3,102,121,86,51,41,48,0.92
6289620_5516.jpg,NU_t1,Rob Jetten,neutral,7.616383060012994e-07,4.31130507274376e-14,0.0034827338308888204,5.440426341840465,0.012479157853096532,0.00028124469566746053,94.54332655151767,94,28,222,299,202,127,117,155,1.0
6290485_5213.jpg,NU_t1,Rob Jetten,happy,6.777384351193243e-07,5.118248101077419e-19,3.526726886837102e-07,99.97851252299697,1.5357879994448496e-09,3.1615912593188926e-05,0.021458034109443767,2,0,82,103,72,41,36,39,1.0
6290657_5092.jpg,NU_t1,Rob Jetten,happy,0.07168315933085978,8.069422951020866e-11,0.0009456997759116348,99.92712140083313,0.000247382831730647,9.28196067776681e-13,3.413739568802754e-08,21,4,63,82,47,35,25,38,1.0
6290713_5191.jpg,NU_t1,Rob Jetten,neutral,0.064137764275074,3.87124880762979e-09,0.0019244309442001395,0.1842977711930871,0.3834580536931753,5.1569634251791285e-05,99.36612844467163,7,0,61,75,52,29,24,28,1.0
6290909_5096.jpg,NU_t1,Rob Jetten,angry,73.84610176086426,5.486352279149287e-05,0.1335139269940555,3.5297423601150513,20.05188763141632,0.1654735067859292,2.2732287645339966,15,0,65,83,59,34,29,32,0.99
6291720_4806.jpg,NU_t1,Rob Jetten,happy,2.276668919751459e-09,1.3718576209923563e-16,2.1570576472852996e-09,99.20110697752875,1.2945684185767943e-07,2.958548604809895e-06,0.7988916254873053,5,0,50,64,43,26,20,26,1.0
6293295_4188.jpg,NU_t1,Rob Jetten,happy,0.03469908551778644,1.3433650893068805e-09,0.008506028825649992,81.9730281829834,0.03516170254442841,0.014408573042601347,17.934203147888184,10,0,196,238,161,89,75,89,1.0
6287529_383.jpg,NU_t1,Stephan van Baarle,sad,4.031073173501146e-05,7.644488686484854e-15,12.885343306383092,6.968444228445115e-05,87.11454791513371,8.49546124316908e-11,8.411667419936326e-07,0,1,31,42,24,16,17,19,0.94
6287027_584.jpg,NU_t1,Thierry Baudet,neutral,0.010276969145262637,2.3702959411945272e-11,0.003324339029735604,0.001914895188287638,0.2230364263749973,5.186829941623352e-07,99.76144431599643,21,0,133,154,120,49,48,45,1.0
6288684_021.jpg,NU_t1,Thierry Baudet,neutral,9.336233884096146,5.2034448572158e-05,1.000116765499115,7.599718123674393,2.7611974626779556,0.7995066232979298,78.5031795501709,7,3,47,67,46,32,25,25,1.0
6290574_5241.jpg,NU_t1,Thierry Baudet,neutral,19.365663826465607,2.0750701423821738e-05,0.620961282402277,0.2996436320245266,15.169249475002289,0.0002511322236387059,64.54421281814575,11,0,63,73,55,30,22,26,1.0
6290634_5220.jpg,NU_t1,Thierry Baudet,neutral,19.365663826465607,2.0750701423821738e-05,0.620961282402277,0.2996436320245266,15.169249475002289,0.0002511322236387059,64.54421281814575,11,0,63,73,55,30,22,26,1.0
6290661_5214.jpg,NU_t1,Thierry Baudet,neutral,0.2795692067593336,3.821230052380997e-05,18.252164125442505,0.7109769620001316,5.787356197834015,0.0011961759810219519,74.96870160102844,17,2,76,99,69,39,33,41,0.99
6290849_5143.jpg,NU_t1,Thierry Baudet,neutral,2.630541444155064,7.474233808800326e-11,0.7223560905370766,0.005275920871793233,0.3845639057570044,1.7933142263147066e-06,96.25726319892783,16,0,72,93,63,38,30,36,0.99
6291027_5056.jpg,NU_t1,Thierry Baudet,neutral,0.3454103600233793,0.00010151524065804551,30.538418889045715,0.22389101795852184,10.361536592245102,0.000306939455185784,58.53033661842346,16,1,77,99,70,39,32,41,0.99
6291165_4995.jpg,NU_t1,Thierry Baudet,neutral,6.371994696378391,0.00157965396604068,1.7379325919111128,0.3753791088464325,11.516854108384496,0.004989729793130147,79.99126791901993,27,3,104,137,97,62,51,58,0.99
6293035_4291.jpg,NU_t1,Thierry Baudet,neutral,17.323395152294346,8.113240008240937e-08,0.02442040276984291,0.6817276530252488,0.7375948570725237,0.00037077845654433705,81.23249299719888,40,6,117,154,109,62,56,65,1.0
6294750_3614.jpg,NU_t1,Thierry Baudet,sad,0.009153033170150593,7.100161014683692e-08,0.48862872645258904,0.00021530781850742642,87.72319555282593,1.204204664873032e-05,11.77879422903061,6,6,86,100,74,50,32,42,1.0
6287506_374.jpg,NU_t1,Wybren van Haga,sad,0.0012614327558087618,2.5312291966831744e-09,6.3714955074486435,0.08328613972320495,73.02380043410065,6.698515848251132e-05,20.520092279916543,6,0,33,44,32,18,17,18,1.0
6287985_209.jpg,NU_t1,Wybren van Haga,sad,0.25844231713563204,0.0016186979337362573,13.208387792110443,0.6540243979543447,46.83014452457428,0.06383395520970225,38.983553647994995,5,1,38,48,35,19,18,20,1.0
